nome, idade, estado civil, profissão, salário.
Vinícius, 23, solteiro, Desenvolvedor de Software, 4000
Vinícius, 23, solteiro, Desenvolvedor de Software, 4000
Vinícius, 23, solteiro, Desenvolvedor de Software, 4000
Vinícius, 23, solteiro, Desenvolvedor de Software, 4000
Vinícius, 23, solteiro, Desenvolvedor de Software, 4000
Vinícius, 23, solteiro, Desenvolvedor de Software, 4000
Vinícius, 23, solteiro, Desenvolvedor de Software, 4000
Vinícius, 23, solteiro, Desenvolvedor de Software, 4000
Vinícius, 23, solteiro, Desenvolvedor de Software, 4000
Vinícius, 23, solteiro, Desenvolvedor de Software, 4000
Vinícius, 23, solteiro, Desenvolvedor de Software, 4000
Vinícius, 23, solteiro, Desenvolvedor de Software, 4000
Vinícius, 23, solteiro, Desenvolvedor de Software, 5000